,User ID,Tweet ID,Date,Tweet Text,Language,Likes,Replies,Retweets,Quotes,If Reply,Type,Parent Tweet ID
0,409258073,1446046205239246848,2021-10-07 09:34:16+00:00,"Ich habe ein tolles Team und freue mich auf weitere 4 Jahre Zusammenarbeit mit euch!

F√ºr weitere Infos: https://t.co/acqBjqRkJb
Tel.: 030227-73290 (Berlin)
02306-259782 (Wahlkreis)
Mail: michael.thews@bundestag.de

#michaelthews #michaelthewsteam",de,6,0,0,0,409258073,replied_to,1446046203498663936
1,409258073,1446046203498663936,2021-10-07 09:34:15+00:00,"Die beiden Wahlkreisb√ºros in den zwei gr√∂√üten St√§dten Hamm und L√ºnen. Bettina Schwab-Losbrodt, Anette Jan√üen und relativ neu jetzt auch @JulianJanssen04 sind die Ansprechpartner:innen der B√ºrgerinnen und B√ºrger f√ºr alle Themen rund um den Wahlkreis in Hamm,L√ºnen, Werne und Selm.",de,8,1,0,0,409258073,replied_to,1446046201187549187
2,409258073,1446046201187549187,2021-10-07 09:34:15+00:00,"Mein kompetentes Team f√ºr die kommenden vier Jahre!
In Berlin mit dem Hauptb√ºro und B√ºroleiter Mato Djumusic, die erster Ansprechpartner f√ºr die B√ºrger:innen f√ºr alle Themen im Bundestag sind und mir f√ºr meine inhaltliche Arbeit und Organisation im Bundestag zur Seite stehen. https://t.co/w6RxNOXrSW",de,16,2,1,0,None,,
3,409258073,1444958013727645701,2021-10-04 09:30:11+00:00,"Bei so einem Ergebnis f√§llt die Analyse nat√ºrlich leichter: es ist einfach ein unglaublicher Erfolg und eine tolle Best√§tigung f√ºr meine politische Arbeit der letzten Jahre! Danke an alle, die an diesem Ergebnis mitgewirkt haben und mich unterst√ºtzen!

#michaelthews

2/2",de,6,0,0,0,409258073,replied_to,1444958012049956866
4,409258073,1444958012049956866,2021-10-04 09:30:10+00:00,"Platz 4 aller SPD Abgeordneten in NRW und Platz 13 Bundesweit. 67.774 Stimmen,40,6% der Stimmenanteile, damit 6.000 Stimmen mehr als 2017, das dritte mal in Folge das Direktmandat gewonnen, √ºber 23.500 Stimmen Vorsprung vor der CDU,mehr als 5% √ºber dem Zweitstimmen-Ergebnis.
1/2 https://t.co/5wNHvhm3iT",de,21,1,1,0,None,,
5,409258073,1444588515308838914,2021-10-03 09:01:55+00:00,"Respekt und ein Lohn, der angemessen f√ºr die geleistete Arbeit steht. Lasst uns nun gemeinsam die letzten H√ºrden √ºberspringen und mit Olaf Scholz daf√ºr sorgen, das nach √ºber 30 Jahren Wiedervereinigung sich niemand mehr benachteiligt f√ºhlen muss!

#michaelthews",de,6,0,0,0,409258073,replied_to,1444588513731747841
6,409258073,1444588513731747841,2021-10-03 09:01:55+00:00,"Heute ist #TagderDeutschenEinheit 
Es gibt nach wie vor zu wenig F√ºhrungskr√§fte aus den neuen Bundesl√§ndern und der Unterschied der Geh√§lter ist noch existent. Mit Olaf Scholz und unserem Wahlprogramm haben wir uns aufgemacht auch diese letzten Unterschiede endlich zu √ºberwinden. https://t.co/oDZ9eY4vh7",de,19,2,3,0,None,,
7,409258073,1443588389689704454,2021-09-30 14:47:47+00:00,@RLunen Danke!,de,0,0,0,0,1306534419323334656,replied_to,1442850680008491020
8,409258073,1442427367599837184,2021-09-27 09:54:18+00:00,"Das sind nochmal 6.000 mehr als 2017. Ich bin √ºberw√§ltigt von diesem Ergebnis und freue mich √ºber diese Best√§tigung als Abgeordneter f√ºr Hamm, L√ºnen, Werne und Selm. Ich werde weitere 4 Jahre alles f√ºr meinen Wahlkreis geben. Danke f√ºr eure Stimmen und eure Unterst√ºtzung!

#btw21 https://t.co/gCrZrBVe27",de,16,4,2,0,None,,
9,409258073,1442427160749350912,2021-09-27 09:53:28+00:00,RT @JulianJanssen04: Seit April arbeite ich nun f√ºr dich und ich muss sagen: dieses Ergebnis ist einfach verdient! Herzlichen Gl√ºckwunsch l‚Ä¶,de,0,0,4,0,None,retweeted,1442371316838027264
10,409258073,1442427092805697538,2021-09-27 09:53:12+00:00,RT @hamm_stadt: Vorl√§ufiges Ergebnis der #Bundestagswahl im #Wahlkreis #Hamm-Unna II: Die SPD gewinnt deutlich vor der CDU und auch ihr Spi‚Ä¶,de,0,0,1,0,None,retweeted,1442233610833174529
11,409258073,1441783558394179587,2021-09-25 15:16:02+00:00,"Viele Menschen sagen mir weiterhin ihre Hilfe im Wahlkampf zu.Wieso sie mich unterst√ºtzen,erkl√§ren sie in kurzen,selbst gedrehten Videos. In diesem Video geht es weiter mit Obel Obering, Bezirksb√ºrgermeister in Hamm-Rhynern. Danke f√ºr deine Unterst√ºtzung lieber Obel!
#thewsdirekt https://t.co/JvDOkj9dte",de,9,0,1,0,None,,
12,409258073,1441778663851180035,2021-09-25 14:56:35+00:00,"Viele Menschen sagen mir weiterhin ihre Hilfe im Wahlkampf zu. Wieso sie mich unterst√ºtzen, erkl√§ren sie in kurzen, selbst gedrehten Videos. 
In diesem Video geht es weiter mit Robert Schmidt, Vorsitzender der SPD Beckinghausen. Danke f√ºr deine Unterst√ºtzung Robert! 
#thewsdirekt https://t.co/2YEYngnS1q",de,4,0,1,0,None,,
13,409258073,1441769873747611648,2021-09-25 14:21:39+00:00,"Viele Menschen sagen mir weiterhin ihre Hilfe im Wahlkampf zu. Wieso sie mich unterst√ºtzen, erkl√§ren sie in kurzen, selbst gedrehten Videos. 
In diesem Video geht es weiter mit Nina Kotissek, Ratsfrau im Rat der Stadt L√ºnen. Danke f√ºr deine Unterst√ºtzung Nina! 
#thewsdirekt https://t.co/qEEF0iEpif",de,0,0,0,0,None,,
14,409258073,1441764421903306752,2021-09-25 13:59:59+00:00,"Viele Menschen sagen mir weiterhin ihre Hilfe im Wahlkampf zu. Wieso sie mich unterst√ºtzen, erkl√§ren sie in kurzen, selbst gedrehten Videos. 
In diesem Video geht es weiter mit Daniel Wolski, stellv. B√ºrgermeister L√ºnen. Danke f√ºr deine Unterst√ºtzung Daniel! 
#thewsdirekt https://t.co/6RCWUPv4Y1",de,2,0,0,0,None,,
15,409258073,1441022937625239554,2021-09-23 12:53:35+00:00,"Viele Menschen sagen mir weiterhin ihre Hilfe im Wahlkampf zu. Wieso sie mich unterst√ºtzen, erkl√§ren sie in kurzen, selbst gedrehten Videos. 
In diesem Video geht es weiter mit Ferhat Aydin, Vorsitzender des OV L√ºnen-Nord. Danke f√ºr deine Unterst√ºtzung Ferhat! https://t.co/JRsUJ9M9vU",de,2,0,1,0,None,,
16,409258073,1441021577802440705,2021-09-23 12:48:11+00:00,"Viele Menschen sagen mir weiterhin ihre Hilfe im Wahlkampf zu. Wieso sie mich unterst√ºtzen, erkl√§ren sie in kurzen, selbst gedrehten Videos. 
In diesem Video geht es weiter mit Wolfram Kuschke, Vorsitzender der AWO Ruhr-Lippe-Ems. Danke f√ºr deine Unterst√ºtzung Wolfram! https://t.co/rEYAnMMfnQ",de,1,0,1,0,None,,
17,409258073,1440997953737482240,2021-09-23 11:14:19+00:00,"Ich m√∂chte im Wahlkampf nat√ºrlich auch die Belegschaften von Gro√übetrieben in meinem Wahlkreis erreichen. Bis es Hell wurde und der Schichtbeginn war, haben wir flei√üig ein kleines Fr√ºhst√ºckchen an die Belegschaft verteilt. Gute Schicht f√ºr euch!

#thewsdirekt #btw21 https://t.co/mauXa0ZpTA",de,4,0,0,0,None,,
18,409258073,1440975986405806086,2021-09-23 09:47:01+00:00,Wo geh√∂ren die Sozialdemokraten im Wahlkampf auch hin? Richtig! Vor das Werkstor mit vielen Arbeitnehmer:innen! Dieses mal waren wir vor den Toren von Trinkgut in Hamm-Herringen und haben M√ºsliriegel verteilt. Wer nimmt nicht gerne eine kleine St√§rkung nach oder vor der Schicht. https://t.co/VEfBU1nDXX,de,10,0,2,0,None,,
19,409258073,1440971319886192645,2021-09-23 09:28:29+00:00,"Noch 3 Tage dann ist es soweit: #Bundestagswahl 2021. Eine richtungsentscheidende Wahl, bei der ihr zwei Stimmen habt. F√ºr #L√ºnen, #Selm, #Werne und #Hamm bedeutet das folgendes: https://t.co/KKP6aYyR1S",de,23,0,1,0,None,,
20,409258073,1440715921044115459,2021-09-22 16:33:37+00:00,"Viele Menschen sagen mir weiterhin ihre Hilfe im Wahlkampf zu. Wieso sie mich unterst√ºtzen, erkl√§ren sie in kurzen, selbst gedrehten Videos. 
In diesem Video geht es weiter mit Helga Baak, Mitglied der SPD L√ºnen-Stadt. Danke f√ºr deine Unterst√ºtzung Helga! 

#thewsdirekt https://t.co/FPY1VVkLFE",de,2,0,1,0,None,,
21,409258073,1440712895591956483,2021-09-22 16:21:36+00:00,"Auf diesem Stuhl werden wichtige Entscheidungen getroffen. Erfahrung, Kompetenz und internationale Vernetzung sind besonders wichtig. All das hat Olaf Scholz. Wer ihn als Kanzler auf diesem Stuhl haben m√∂chte muss am 26. September SPD w√§hlen!

#ScholzPacktDasAn #Bundestagswahl21 https://t.co/wWAOqnXowC",de,7,0,4,0,None,,
22,409258073,1440687976225259530,2021-09-22 14:42:34+00:00,"Viele Menschen sagen mir weiterhin ihre Hilfe im Wahlkampf zu. Wieso sie mich unterst√ºtzen, erkl√§ren sie in kurzen, selbst gedrehten Videos. In diesem Video geht es weiter mit Knut Thamm, Mitglied der SPD L√ºnen-Stadt. Danke f√ºr deine Unterst√ºtzung Knut! #thewsdirekt https://t.co/fuj9MA2keT",de,3,0,1,0,None,,
23,409258073,1440289531350052865,2021-09-21 12:19:18+00:00,"Viele Menschen sagen mir weiterhin ihre Hilfe im Wahlkampf zu. Wieso sie mich unterst√ºtzen, erkl√§ren sie in kurzen, selbst gedrehten Videos. In diesem Video geht es weiter mit Arno Metscher, Mitglied der AWO L√ºnen. Danke f√ºr deine Unterst√ºtzung Arno! #thewsdirekt https://t.co/iQvZw61xM3",de,2,0,1,0,None,,
24,409258073,1440277093363818502,2021-09-21 11:29:52+00:00,"Viele Menschen sagen mir weiterhin ihre Hilfe im Wahlkampf zu. Wieso sie mich unterst√ºtzen, erkl√§ren sie in kurzen, selbst gedrehten Videos. In diesem Video geht es weiter mit @thomaskutschaty Vorsitzender der NRWSPD. Danke f√ºr deine Unterst√ºtzung Thomas! #thewsdirekt https://t.co/DUvzSwR9zq",de,11,0,2,0,None,,
25,409258073,1440275313586438144,2021-09-21 11:22:48+00:00,"Viele Menschen sagen mir weiterhin ihre Hilfe im Wahlkampf zu. Wieso sie mich unterst√ºtzen, erkl√§ren sie in selbst gedrehten Videos. In diesem Video geht es weiter mit Hans-Ludwig Eberhard, Mitglied der SPD L√ºnen. Danke f√ºr deine Unterst√ºtzung Hans! #thewsdirekt https://t.co/Vv1jj8v8Nv",de,5,0,2,0,None,,
26,409258073,1440273564389707781,2021-09-21 11:15:51+00:00,"Viele Menschen sagen mir weiterhin ihre Hilfe im Wahlkampf zu. Wieso sie mich unterst√ºtzen, erkl√§ren sie in selbst gedrehten Videos. In diesem Video geht es weiter mit Michael Gro√ü, Bundesvorsitzender der Arbeiterwohlfahrt (AWO).Danke f√ºr deine Unterst√ºtzung Michael! #thewsdirekt https://t.co/eJ2XWuCBUh",de,3,0,1,0,None,,
27,409258073,1440221322991136768,2021-09-21 07:48:16+00:00,"B√ºrgern√§he und das Einbeziehen der W√ºnsche und Sorgen der Menschen vor Ort sind f√ºr mich selbstverst√§ndlich. Deshalb bitte ich Sie am 26. September um Ihre Stimmen f√ºr die SPD. 
1. Stimme f√ºr Michael Thews, 2. Stimme f√ºr die SPD und Olaf Scholz!

3/3

#Bundestagswahl21",de,3,0,0,0,409258073,replied_to,1440221321271472132
28,409258073,1440221321271472132,2021-09-21 07:48:15+00:00,"Wir brauchen eine nachhaltige Politik, die dort hilft wo es n√∂tig ist, die in zukunftsf√§hige Arbeitspl√§tze investiert und die den Klimaschutz voran bringt. Ich setzte mich f√ºr bezahlbaren Wohnraum, 12‚Ç¨ Mindestlohn und lebenswerte Kommunen ohne Schuldenlast ein.

2/3",de,3,1,0,0,409258073,replied_to,1440221318717181954
29,409258073,1440221318717181954,2021-09-21 07:48:15+00:00,"Seit 2013 vertrete ich mit aller Kraft Ihre Interessen als direkt gew√§hlter Abgeordneter, vor Ort und in Berlin. Ich setze mich aktiv f√ºr soziale Gerechtigkeit, Teilhabe und Chancengleichheit f√ºr alle Menschen ein.

1/3 https://t.co/UYbhMfr574",de,9,1,4,0,None,,
30,409258073,1439934082335510531,2021-09-20 12:46:52+00:00,"Kinder sind unsere Zukunft und leben noch am l√§ngsten mit den Entscheidungen die wir heute in der Politik treffen. Das legt sich hier nochmal den Fokus auf Nachhaltigkeit und Klimaschutz, damit unsere j√ºngsten in der Gesellschaft sich auch auf ein erf√ºlltes Leben freuen k√∂nnen!",de,3,0,0,0,409258073,replied_to,1439934080771141634
31,409258073,1439934080771141634,2021-09-20 12:46:52+00:00,"Wir wollen eine Kindergrundsicherung einf√ºhren, mehr Personal an Schulen und Kitas, mehr Zeit f√ºr die Kindererziehung, gleiche Bildungschancen f√ºr alle, Kinderrechte ins GG aufnehmen, das Wahlalter auf 16 senken, ein Ganztagsangebot f√ºr alle Kinder und Kinderarmut bek√§mpfen.
2/3",de,3,1,0,0,409258073,replied_to,1439934078401327104
32,409258073,1439934078401327104,2021-09-20 12:46:51+00:00,"Heute ist der #Weltkindertag!
Das Motto dieses Jahr lautet ""Kinderrechte jetzt!"". So kurz vor der Bundestagswahl ist es mir wichtig nochmal auf die Situation der Kinder und Jugendlichen aufmerksam zu machen.

1/3 https://t.co/zo9xkTLrVz",de,6,1,1,0,None,,
33,409258073,1439471539355856902,2021-09-19 06:08:53+00:00,RT @JulianJanssen04: Der CDU sind im Wahlkampf ja derzeit alle Mittel recht. Na gut. Das k√∂nnen wir von der SPD auch! Wir verwenden alle Mi‚Ä¶,de,0,0,15,0,None,retweeted,1439247248488026124
34,409258073,1439207596347568133,2021-09-18 12:40:04+00:00,"Und weiter geht im Wahlkampf. Diesmal beim Infostand der SPD Herringen 
Wir hatten gute Gespr√§che und haben sogar 2 neue Mitglieder aufgenommen üòé

#thewsdirekt #Wahlkampf #Bundestagswahl #SPD #spdde #Hamm #Herringen #l√ºnen #werne #selm #sozialepolitikf√ºrdich https://t.co/fbW0kBELNQ",de,10,0,4,0,None,,
35,409258073,1438796629969096706,2021-09-17 09:27:02+00:00,"Fahrradtour mit dem Ortsverein Heessen. Wir haben uns viele Projekte angesehen, bei denen bereits Bundesmittel geflossen sind. Ich habe aber auch viele Anregungen und Projekte f√ºr die Zukunft meiner politischen Arbeit in Berlin mit auf den Weg genommen.
https://t.co/SsOFBNQPJG",de,2,0,0,0,None,,
36,409258073,1438773032181538820,2021-09-17 07:53:16+00:00,"Viele Menschen sagen mir weiterhin ihre Hilfe im Wahlkampf zu. Wieso sie mich unterst√ºtzen, erkl√§ren sie in selbst gedrehten Videos.
In diesem Video geht es weiter mit Hans Demmerle, von der AG60+ in L√ºnen.
Danke f√ºr deine Unterst√ºtzung Hans!
#thewsdirekt https://t.co/HzdnvK5gu3",de,3,0,2,0,None,,
37,409258073,1438430790312943618,2021-09-16 09:13:19+00:00,"Viele Menschen sagen mir weiterhin ihre Hilfe im Wahlkampf zu. Wieso sie mich unterst√ºtzen, erkl√§ren sie in selbst gedrehten Videos.
In diesem Video geht es weiter mit Udo Kath vom Ortsverein Beckinghausen.
Danke f√ºr deine Unterst√ºtzung Udo!

#thewsdirekt https://t.co/wl1Q6ZUdpY",de,5,0,1,0,None,,
38,409258073,1438419093007343620,2021-09-16 08:26:50+00:00,"Nach den Kitas ‚ÄûAm Eichenw√§ldchen‚Äú, ""Strackstra√üe"" und ""St. Theresia"" freue ich mich sehr, dass das Ministerium nun die AWO Kitas ""Haus der kleinen Racker"" in L√ºnen, ""Gro√üe Werkstra√üe"" und ""Familienzentrum B√§nklerweg"" in Hamm unterst√ºtzt!

#thewsdirekt https://t.co/Qm9tIrL0Pt",de,8,0,1,0,None,,
39,409258073,1438075690096672768,2021-09-15 09:42:17+00:00,"Viele Menschen sagen mir weiterhin ihre Hilfe im Wahlkampf zu. Wieso sie mich unterst√ºtzen, erkl√§ren sie in selbst gedrehten Videos.
In diesem Video geht es weiter mit Justus Moor, SPD Fraktionsvorsitzender im Stadtrat in Hamm.
https://t.co/K1TWrkrzux",de,1,0,0,0,None,,
40,409258073,1438056950332284931,2021-09-15 08:27:49+00:00,"Je weniger B√ºrger:innen w√§hlen gehen desto mehr Aufmerksamkeit und Stimmenanteile bekommen populistische Parteien wie die sogenannte ""Alternative"".
Daher bitte ich alle: am 26. September demokratisch w√§hlen gehen!
Am besten nat√ºrlich beide Stimmen f√ºr die SPD! üòé

2/2",de,3,0,0,0,409258073,replied_to,1438056948486770688
41,409258073,1438056948486770688,2021-09-15 08:27:48+00:00,"Heute ist der internationale Tag der Demokratie!
Es ist wichtig, dass m√∂glichst viele Menschen Gebrauch von ihrer Stimme machen. Unsere freie und gleiche Demokratie ist ein hohes Gut, welches es in vielen L√§ndern auf der Welt so gar nicht gibt.

1/2

#Bundestagswahl https://t.co/hpuYBr3n9m",de,5,1,1,0,None,,
42,409258073,1438052207321133059,2021-09-15 08:08:58+00:00,"Ich habe mich mit Joerg Degelmann dazu entschlossen, dem TuS Wiescherh√∂fen zwei Mini-Tore zu spenden. Mir ist die Unterst√ºtzung der Vereine, die sich an der Basis mit Kindern und Jugendlichen besch√§ftigen und ihnen eine sinnvolle Freizeitbesch√§ftigung erm√∂glichen, sehr wichtig!",de,2,0,0,0,409258073,replied_to,1438052205110640640
43,409258073,1438052205110640640,2021-09-15 08:08:58+00:00,"Viele Sportvereine konnten w√§hrend der Corona-Zeit ihren sozialen Beitrag in der Gesellschaft nicht so erf√ºllen, wie sie es gerne getan h√§tten. Der Spiel- und Trainingsbetrieb kommt jetzt langsam wieder in die G√§nge und ben√∂tigt daher jede Unterst√ºtzung.

1/2

#thewsdirekt https://t.co/8U6Jswn2pq",de,3,1,1,0,None,,
44,409258073,1437718523447480322,2021-09-14 10:03:02+00:00,"Wir als SPD wollen uns auch in Zukunft weiter daf√ºr einsetzen, das unsere Fl√ºsse renaturiert werden und durchl√§ssig f√ºr die Tiere sind. Dazu muss die europ√§ische Wasserrahmenrichtlinie bestm√∂glich durchgesetzt werden.

2/2

#thewsdirekt",de,1,0,0,0,409258073,replied_to,1437718522050777091
45,409258073,1437718522050777091,2021-09-14 10:03:01+00:00,"Gemeinsam mit Dirk Bergmeier vom Landesfischereiverband war ich am Wehr-Stockum. Das Wehr ist eine k√ºnstliche Barriere f√ºr Fische und stellt ein erhebliches Problem f√ºr die √∂rtliche Fischpopulation dar. Die Wanderung der Fische wird unterbrochen.

1/2

https://t.co/wF9GLClb84",de,1,1,0,0,None,,
46,409258073,1437706970983772161,2021-09-14 09:17:07+00:00,"Viele Menschen sagen mir weiterhin ihre Hilfe im Wahlkampf zu. Wieso sie mich unterst√ºtzen, erkl√§ren sie in selbst gedrehten Videos.
In diesem Video geht es weiter mit R√ºdiger Billeb, SPD Fraktionsvorsitzender im Stadtrat in L√ºnen.
Danke f√ºr deine Unterst√ºtzung R√ºdiger! https://t.co/3GIt7TYGwr",de,4,0,1,0,None,,
47,409258073,1437352236779245571,2021-09-13 09:47:32+00:00,"Viele Menschen sagen mir weiterhin ihre Hilfe im Wahlkampf zu. Wieso sie mich unterst√ºtzen, erkl√§ren sie in selbst gedrehten Videos.
In diesem Video geht es weiter mit Martina F√∂rster-Teutenberg, Ratsfrau in L√ºnen.
Danke f√ºr deine Unterst√ºtzung Martina!

#thewsdirekt https://t.co/9aAZTt2ZXA",de,7,0,1,0,None,,
48,409258073,1436671767062384642,2021-09-11 12:43:35+00:00,"Voller Einsatz am Infostand erfordert halt auch mal spezielle Ma√ünahmen üòé

#thewsdirekt #Bundestagswahl #hamm https://t.co/De91z0yVsR",de,12,0,1,0,None,,
49,409258073,1436659664456912898,2021-09-11 11:55:30+00:00,"Heute j√§hrt sich zum 20. Mal der 11. September. Viele Menschen haben an diesem Tag ihr Leben aufgrund eines feigen Terroranschlags verloren.Lasst uns der Menschen gedenken,die an diesem schrecklichen Tag nicht mehr zu ihren Familien nach Hause zur√ºckkehren konnten.

#11september https://t.co/S9IakmOpDF",de,12,2,6,0,None,,
50,409258073,1436315306591498243,2021-09-10 13:07:09+00:00,"Viele Menschen sagen mir weiterhin ihre Hilfe im Wahlkampf zu. Wieso sie mich unterst√ºtzen, erkl√§ren sie in selbst gedrehten Videos.
In diesem Video geht es weiter mit @FlorianPronold, parlamentarischer Staatssekret√§r im Umweltministerium. Danke f√ºr deine Unterst√ºtzung Florian! https://t.co/Je3V1NeWWV",de,7,0,4,0,None,,
51,409258073,1435946438782038017,2021-09-09 12:41:24+00:00,"Wie immer eine tolle Organisation der drei mit ihren Nachbarn und Freunden auf Cappenberg.
Ein echtes Gemeinschafts-Fest! Viele bekannte Gesichter, sch√∂ne Gespr√§che - und der B√ºrgermeister Thomas Orlowski war nat√ºrlich auch vor Ort.
Ich freue mich schon auf das n√§chste Mal! üëç",de,1,0,0,0,409258073,replied_to,1435946436022185986
52,409258073,1435946436022185986,2021-09-09 12:41:23+00:00,"Endlich wieder #Cappenberg Live bei tollem Wetter, super netten Menschen und guter Musik. Nach der pandemiebedingten Zwangspause hatten Michael Sonntag, Thorsten Hoppe und Christoph B√∂cker auf die Wiesen am Standort der Freiwilligen Feuerwehr Cappenberg eingeladen.

#thewsdirekt https://t.co/L8TFVhIl8O",de,2,2,0,0,None,,
53,409258073,1435905331528359937,2021-09-09 09:58:03+00:00,"Ab heute werde ich regelm√§√üig Videos posten, in denen die Leute erkl√§ren wieso sie mich tatkr√§ftig unterst√ºtzen.
Ich bin stolz darauf, wie viele f√ºr die SPD k√§mpfen!
Im ersten Video starten wir mit @SvenjaSchulze68, unserer Bundesumweltministerin.

#thewsdirekt #Bundestagswahl https://t.co/KNBRp7QFQB",de,9,0,3,0,None,,
54,409258073,1435886940218351618,2021-09-09 08:44:58+00:00,"Das @BMFSFJ teilte mir die Bewilligung der Bundesmittel in H√∂he von 35.419,00 ‚Ç¨ f√ºr die KiTa St. Theresia in Hamm mit.
Die Sprach-Kitas leisten eine gute Arbeit. Fr√ºhkindliche Bildung ist eine wichtige Ressource. Durch die Gelder kann nun neues Fachpersonal eingestellt werden. https://t.co/OogMB3Dye1",de,5,0,1,0,None,,
55,409258073,1435590805704658951,2021-09-08 13:08:14+00:00,"RT @JulianJanssen04: Wir hatten heute Infostand mit @michael_thews 
Die Leute rei√üen uns das Infomaterial praktisch aus den H√§nden. Ich gla‚Ä¶",de,0,0,3,0,None,retweeted,1435590605644734467
56,409258073,1435551159603941378,2021-09-08 10:30:42+00:00,"RT @stephanbe93: Ein bisschen ‚Äûschade‚Äú, dass ich schon dabei bin.. das hat was! üëáüèªüëáüèªüåπüí™üèª
#SozialePolitikfuerdich",de,0,0,2,0,None,retweeted,1435269988479295488
57,409258073,1435237348007190528,2021-09-07 13:43:43+00:00,RT @josefheynckes: der mann kann alles.,de,0,0,3,0,None,retweeted,1435237282680877072
58,409258073,1435234765376999425,2021-09-07 13:33:28+00:00,Das sind √ºbrigens Bierdeckel mit denen man in die @spdde eintreten kann üòé https://t.co/0peuVbpcGv,de,26,2,2,1,409258073,replied_to,1435234744741019654
59,409258073,1435234744741019654,2021-09-07 13:33:23+00:00,SPD w√§hlen macht gute Laune! Versprochen üòé https://t.co/6RtXsItLPc,de,76,7,4,1,None,,
60,409258073,1435233708785684480,2021-09-07 13:29:16+00:00,@NiciUlan Dankesehr!,de,0,0,0,0,1134026179072188416,replied_to,1434894837858320392
61,409258073,1434811218796109824,2021-09-06 09:30:26+00:00,"Handwerk trifft Politik! Mein Video mit den Antworten auf die Fragen der Handwerkskammer ist jetzt online!
Hier k√∂nnt ihr euch das Video ansehen üëá

https://t.co/Q78idU9wQf",de,6,1,2,0,None,,
62,409258073,1433715851375652868,2021-09-03 08:57:50+00:00,Wir haben auf jeden Fall das tollste #Zukunftsteam! https://t.co/uw6J4FSR9Y,de,50,3,6,0,None,,
63,409258073,1433338397511327745,2021-09-02 07:57:58+00:00,"Die Hochwasser an Ahr und Erft verlangen den Einsatz der Rettungsdienste, nach den ersten Wochen der spontanen Hilfe geht es nun vermehrt um den Wiederaufbau der Infrastruktur. Ich habe den Ortsverband L√ºnen des THW besucht und den Einsatzkr√§ften f√ºr ihr Engagement gedankt.
2/2",de,5,0,2,0,409258073,replied_to,1433338395376463877
64,409258073,1433338395376463877,2021-09-02 07:57:58+00:00,"In diesem Sommer haben wir es akut erfahren m√ºssen: Der THW Ortsverband L√ºnen ist weiterhin im Katastrophenschutz gefordert
Seit √ºber 60 Jahren sind hier Ehrenamtliche im Einsatz, um f√ºr unsere Gesellschaft eine Grundversorgung f√ºr den Katastrophenfall sicher zu stellen.

1/2 https://t.co/iMlBFNRwHV",de,3,1,2,0,None,,
65,409258073,1432630136801792002,2021-08-31 09:03:36+00:00,"Wieder mit dabei war der legend√§re Zollstock, der auch oft im Bundestag zum Einsatz kam.

Hier geht's zum kompletten Video üëá

https://t.co/qKlpDZDIeV",de,5,0,0,2,409258073,replied_to,1432630135241457664
66,409258073,1432630135241457664,2021-08-31 09:03:35+00:00,Wie gestern schon angek√ºndigt war Lothar Binding bei uns in L√ºnen. Er ist als Bundesvorsitzender der AG60+ mit der Dialogtour in ganz Deutschland unterwegs. Dabei hat er in seiner unnachahmlichen Art und Weise Steuer-und Finanzpolitik erkl√§rt.,de,5,1,0,0,None,,
67,409258073,1432452775640768515,2021-08-30 21:18:50+00:00,"Ich traf mich vor dem Krankenhaus St.Josef mit Interessierten der SPD Bockum-H√∂vel, um √ºber das Thema Gesundheit zu sprechen. Eine gute und breite Gesundheitsversorgung in meinem Wahlkreis ist mir wichtig. Dabei hilft die B√ºrgerversicherung, die wir in unserem Wahlprogramm haben. https://t.co/WbPrq4V5ZK",de,4,0,1,0,None,,
68,409258073,1432408182517870593,2021-08-30 18:21:38+00:00,"@Lothar_Binding ist derzeit mit seiner Dialogtour der AG60+ unterwegs und hat dieses Mal Halt in L√ºnen gemacht. Lothar ist ein toller Kerl, der Steuer- und Finanzpolitik einfach und anschaulich erkl√§ren kann! Vor allem sein Zollstock ist legend√§r!

https://t.co/vyT3icSlgx",de,5,0,1,0,2617281050,,
69,409258073,1431511526255611910,2021-08-28 06:58:38+00:00,"Mein Steckbrief beim Westf√§lischen Anzeiger f√ºr die Bundestagswahl ist nun online! Hier k√∂nnt ihr euch meine Antworten ansehen üëá

#thewsdirekt #Hamm #bundestagswahlen2021 

https://t.co/DkyPyQxlCq",de,4,0,0,0,None,,
70,409258073,1430482032224874497,2021-08-25 10:47:48+00:00,"Das ist ein au√üergew√∂hnlich hilfsbereites Verhalten und verdient jeden Respekt! Deswegen haben der Bezirksb√ºrgermeister Klaus Alewelt und ich uns dazu entschlossen der Firma J√§schke einen Keramik-Elefanten im Namen der SPD als Dank zu √ºberreichen.

#thewsdirekt",de,2,1,0,0,409258073,replied_to,1430482029892747272
71,409258073,1430482029892747272,2021-08-25 10:47:47+00:00,"Mit der SPD Herringen habe ich Frank J√§schke in seiner Firma besucht. Er hat bei der Flutkatastrophe von Tag 1 an tatkr√§ftig geholfen, hat vor Ort mit seinen Leuten und Fahrzeugen mit angepackt. Zudem hat er √ºber 500 Tonnen Hilfsg√ºter gesammelt und in die Krisenregion gebracht. https://t.co/7PKTra6hCH",de,9,2,2,0,None,,
72,409258073,1430472742906830848,2021-08-25 10:10:53+00:00,"Mich hat es gefreut, die Wiederwahl des Vorsitzenden Rolf Ohligschl√§ger zu leiten, die dann gleich wieder in die aktive Arbeit mit den Genoss:innen einstiegen. Auch im UB Unna sind die Selmer:innen in der AG60plus mit ihren Delegierten aktiv dabei. Gerne komme ich, wieder!

2/2",de,1,0,0,0,409258073,replied_to,1430472739949846529
73,409258073,1430472739949846529,2021-08-25 10:10:52+00:00,"In der ersten MV nach mehr als einem Jahr hat die Selmer AG60plus ihren neuen Vorstand gew√§hlt. Eine gute Gelegenheit, meine politischen Schwerpunkte vorzustellen. Gemeinsam haben wir √ºber das Zukunftsprogramm, √ºber den Mindestlohn, Renten- und Gesundheitspolitik gesprochen.

1/2 https://t.co/Xg1V9u3IQm",de,1,1,0,0,None,,
74,409258073,1430439819998531585,2021-08-25 08:00:04+00:00,"Mehr zur Bilanz der Ruhr-SPD-MdB findet Ihr auf meiner Website mit diesem Link: 
https://t.co/3D7LyPSPxq
(zum Papier ‚ÄûAuf dem langen Weg zu gleichwertigen Lebensverh√§ltnissen - Erfolge und Herausforderungen der Ruhr-SPD-MdB in der 19. WP"")

2/2

#F√ºrUnsImRuhrgebiet",de,3,0,0,0,409258073,replied_to,1430439818354434048
75,409258073,1430439818354434048,2021-08-25 08:00:03+00:00,"Die Kreislaufwirtschaft ist Rohstofflieferant und Motor f√ºr Jobs und Wohlstand - besonders im Ruhrgebiet. Der Deutsche Bundestag hat uns im Jahr 2020 mit der Novelle des Kreislaufwirtschaftsgesetz unserem Ziel ‚ÄòRaus aus der Wegwerfgesellschaft‚Äò ein gutes St√ºck n√§her gebracht.
1/2 https://t.co/kMFUr3uo4S",de,6,1,1,0,None,,
76,409258073,1430160743178063879,2021-08-24 13:31:06+00:00,"Strahlender Sonnenschein und Rosen f√ºr die Marktbesucher:innen!

Mit der AG60plus und der AsF der @SPD_Selm war das ein toller Vormittag auf dem Markt in Selm.

Offene Gespr√§che und viel Interesse an unseren Themen - da sind wir auf einem guten Weg.

#thewsdirekt #selm #spd https://t.co/VRZ33WkqAg",de,4,0,0,0,None,,
77,409258073,1430086104556916738,2021-08-24 08:34:31+00:00,"Bed√ºrftigkeit statt Himmelsrichtung! F√ºr uns im Ruhrgebiet besonders wichtig: Im Rahmen des Konjunkturprogrammes 2020 hat der Bund die F√∂rdergelder um 500 Millionen erh√∂ht und diese wichtige Unterst√ºtzung m√∂chte die SPD verstetigen.

#F√ºrUnsImRuhrgebiet #thewsdirekt https://t.co/xE77BAxGr2",de,2,0,0,0,None,,
78,409258073,1429356338904289280,2021-08-22 08:14:42+00:00,"Wir alle k√∂nnen dagegen was tun. Es sollte auf die Herkunft, die Nachhaltigkeit des Fisches und die H√§ufigkeit des Verzehrs geachtet werden.
Zudem m√ºssen wir als Politik (vorallem EU) nachhaltige Fangmethoden f√∂rdern, Fangquoten anpassen und Schutzgebiete einrichten!
3/3",de,3,0,0,0,409258073,replied_to,1429356336895217670
79,409258073,1429356336895217670,2021-08-22 08:14:41+00:00,"Laut WHO gelten 33% aller Fischbest√§nde als bis an die biologische Grenze befischt, weitere 60% sind v√∂llig ersch√∂pft. Wenn wir das nicht √§ndern, ist 2050 keine kommerzielle Fischerei mehr m√∂glich. Zudem verlieren wir biologische Vielfalt und Widerstandskraft der √ñkosysteme.
2/3",de,3,1,0,0,409258073,replied_to,1429356333686562816
80,409258073,1429356333686562816,2021-08-22 08:14:40+00:00,"Heute ist der Tag der Fische!
Der Bestand der gro√üen Speisefische wie z.B. Thunfisch ist bereits um 90% zur√ºckgegangen. F√ºr das √ñkosystem Meer und die Fortpflanzung der Fische ist das ein enormes Problem.

1/3

#thewsdirekt https://t.co/03OSE9tYWj",de,3,1,1,0,None,,
81,409258073,1428654673477652489,2021-08-20 09:46:31+00:00,Im Juli 2025 werden sich rund 10.000 Athletinnen und Athleten sowie Offizielle aus 170 L√§ndern im Ruhrgebiet begegnen und an zw√∂lf Tagen in 18 Sportarten messen. Wir als SPD haben von Beginn an den Bewerbungsprozess des Allgemeinen Deutschen Hochschulverbands (adh) unterst√ºtzt. https://t.co/SfTs1gr7yH,de,2,0,0,0,None,,
82,409258073,1428637115773079552,2021-08-20 08:36:45+00:00,"Insgesamt umfasst die zu unter Schutz stellende Fl√§che √ºber 282 ha. Das ist ein guter Beitrag zum Erhalt der Biodiversit√§t. 
""Wichtig ist es uns, dass wir alle Menschen mitnehmen und Naherholung in Pelkum, Herringen und Bergkamen erlebbar bleibt"",so @FleckeJan (Ratsfraktion Hamm)",de,3,0,0,0,409258073,replied_to,1428637114422419458
83,409258073,1428637114422419458,2021-08-20 08:36:45+00:00,Besonders hier: geplant sind auch Wildnisgebiete und die Erhaltung von Niedermooren. Diese Wildnisgebiete werden dann komplett sich selbst √ºberlassen und nicht mehr ver√§ndert. Ziel des Bundes ist es 5% der Waldfl√§chen in Deutschland zu solchen Wildnisgebieten umzufunktionieren.,de,3,1,0,0,409258073,replied_to,1428637112350425088
84,409258073,1428637112350425088,2021-08-20 08:36:45+00:00,"Gemeinsam mit den SPD Fraktionen und OV aus Hamm und Bergkamen, dem NABU und den Naturfreunden habe ich den Wald in der Sandbochumer Heide besucht. Auf Seiten der Stadt Hamm gibt es die Initiative dieses Gebiet unter Schutz zu stellen und es als Naturschutzgebiet auszuweisen. https://t.co/oxrKL1KQKC",de,4,1,0,0,None,,
85,409258073,1428339194301136899,2021-08-19 12:52:55+00:00,Alle Kinder brauchen digitale Endger√§te und Zugang zum Internet. Wir m√∂chten die Medienkompetenz der Kinder f√∂rdern und allen auf einer Open-Source-Plattform Lehr- und Lernmaterialien offen zug√§nglich machen. Au√üerdem wollen wir f√ºr alle die gleichen Bildungschancen herstellen.,de,3,0,0,0,409258073,replied_to,1428339191994363912
86,409258073,1428339191994363912,2021-08-19 12:52:55+00:00,"Heute ist Einschulung!
Allen Sch√ºlerinnen und Sch√ºlern der ersten Klasse w√ºnsche ich einen sch√∂nen Start in ihre Schulzeit!
Kinder sind unsere Zukunft. Daher haben wir das Ziel, dass alle Schulen erstklassig ausgestattet sind. 

#thewsdirekt https://t.co/RSXyuH8RNl",de,6,1,3,0,None,,
87,409258073,1428304196659519490,2021-08-19 10:33:51+00:00,"Nur mit einem starken industriellen Kern k√∂nnen wir den Wandel gestalten. Deshalb st√§rken wir unsere Industriestandorte und haben zum Beispiel allein im Jahr 2020 72 neue Personalstellen zur Modernisierung der Infrastruktur unserer Wasserstra√üen erstritten.

#F√ºrUnsImRuhrgebiet https://t.co/rUcVrbfb3r",de,1,0,1,0,None,,
88,409258073,1428271202422886407,2021-08-19 08:22:45+00:00,"Ihr wollt euch nochmal genauer informieren wof√ºr ich stehe? Ihr m√∂chtet eurem Umfeld zeigen was meine Standpunkte sind? Oder ihr m√∂chtet einfach wissen was meine Hobbys sind? üòâ
Bei der Kandidaten-Vorstellung von @AntenneUnna k√∂nnt ihr das erfahren! üëá

https://t.co/zDXH39WE1O",de,4,0,1,0,None,,
89,409258073,1427930753917140996,2021-08-18 09:49:56+00:00,"Gemeinsam mit dem Bezirksb√ºrgermeister Obel Obering habe ich den Bioland-Hof Fr√∂hlich in Hamm Berge besucht. Hier haben wir zusammen mit den Hofbetreibern und Bioland NRW √ºber nachhaltige Landwirtschaft gesprochen.

#thewsdirekt

https://t.co/m0xN3Homw3",de,3,0,0,0,None,,
90,409258073,1427928007772155910,2021-08-18 09:39:01+00:00,"...der Digitalpakt Schule oder die Erh√∂hung der Mittel f√ºr den √ñPNV. Mit SPD-Kanzlerkandidat Olaf Scholz hat sich erstmals ein Bundesfinanzminister bereit erkl√§rt, das Problem anzugehen. Eine Altschuldenl√∂sung gibt es nur mit einer starken SPD.

2/2

#F√ºrUnsImRuhrgebiet",de,2,0,0,0,409258073,replied_to,1427928006052532234
91,409258073,1427928006052532234,2021-08-18 09:39:00+00:00,"Wir haben vielf√§ltige Entlastungsma√ünahmen f√ºr unsere Kommunen angesto√üen, die im Ruhrgebiet besonders stark wirken: Die j√§hrliche 5 Milliarden-Unterst√ºtzung bei den Sozialkosten, die √úbernahme der Grundsicherung im Alter und bei Erwerbsminderung, die St√§dtebauf√∂rderung...

1/2 https://t.co/Tt560QUmKy",de,2,1,0,0,None,,
92,409258073,1427172546793836547,2021-08-16 07:37:05+00:00,"Mehr zur Bilanz der Ruhr-SPD-MdB findet Ihr auf meiner Website mit diesem Link: https://t.co/3D7LyPSPxq
(zum Papier ‚ÄûAuf dem langen Weg zu gleichwertigen Lebensverh√§ltnissen - Erfolge und Herausforderungen der Ruhr-SPD-MdB in der 19. WP"").

#f√ºrunsimruhrgebiet",de,2,0,0,0,409258073,replied_to,1427172544759599106
93,409258073,1427172544759599106,2021-08-16 07:37:04+00:00,Mit dem Soz. Arbeitsmarkt geben wir Langzeitarbeitslosen echte Chancen auf Teilhabe an der Arbeitswelt und neue Perspektiven. Wir finanzieren lieber Arbeit als Arbeitslosigkeit und der Erfolg gibt uns recht: Der Soz. Arbeitsmarkt wirkt. Und Deshalb wollen wir ihn weiter ausbauen. https://t.co/uDVFcodFWK,de,5,1,2,0,None,,
94,409258073,1426872328093380611,2021-08-15 11:44:07+00:00,"RT @JulianJanssen04: Als Ortsvereinsvorsitzender und Fraktionsvorsitzender geh√∂rt sich was? Richtig! Arsch hoch, auf die Leiter und Plakate‚Ä¶",de,0,0,1,0,None,retweeted,1426871540876984321
95,409258073,1426472854888009729,2021-08-14 09:16:45+00:00,"Ich habe einfach einen tollen Wahlkreis! In meinem neusten Video k√∂nnt ihr euch viele sch√∂ne Bilder, meine Vorstellung und Ideen von der Politik der Zukunft ansehen. Das ist es, was wir f√ºr L√ºnen, Werne, Selm und Hamm brauchen!

https://t.co/gRNXunVDLV

#thewsdirekt",de,8,0,6,0,None,,
96,409258073,1426120330691727361,2021-08-13 09:55:57+00:00,"Die sozial-gerechte, nachhaltige und verl√§ssliche Gestaltung des Kohleausstieg ist das beste Beispiel f√ºr sozialdemokratische Politik. Jetzt flie√üen 662 Millionen Euro allein ins Ruhrgebiet, um gute Arbeit zu schaffen und das Revier mit Zukunftsthemen weiterzuentwickeln. https://t.co/bukZdkndjb",de,2,0,0,0,None,,
97,409258073,1426116055727026178,2021-08-13 09:38:58+00:00,"Heute vor 60 Jahren begann der Bau der Berliner Mauer. Sie raubte Millionen die Freiheit und spaltete Deutschland. Viele starben bei dem Versuch, zu entkommen, den Stacheldraht und die Selbstschussanlagen zu √ºberwinden. Ihr Schrecken wirkt heute noch nach. Wir gedenken der Opfer. https://t.co/KwYntWPFxi",de,10,0,2,1,None,,
98,409258073,1425821427572248584,2021-08-12 14:08:13+00:00,"Der Bioland-Hof Damberg betreibt seit 40 Jahren √∂kologischen Landbau. Es gibt einen tollen kleinen Hofladen und viele regionale Produkte mit Bio-Qualit√§t. Hier kann man nachhaltig einkaufen und seinen √∂kologischen Fu√üabdruck reduzieren.

#thewsdirekt

https://t.co/47XlZwk76H",de,4,0,0,0,None,,
99,409258073,1425759864295407616,2021-08-12 10:03:35+00:00,"https://t.co/3D7LyPSPxq

#F√ºrUnsImRuhrgebiet",und,2,0,0,0,409258073,replied_to,1425759862177284098
100,409258073,1425759862177284098,2021-08-12 10:03:35+00:00,"Dank Olaf Scholz und der SPD kommen wir im Ruhrgebiet solidarisch durch die Corona-Krise: Mit dem Konjunkturprogramm, dem kommunalen Solidarpakt oder dem Erfolgsmodell Kurzarbeit. Mehr zur Bilanz der Ruhr-SPD-MdB findet Ihr auf meiner Website mit dem Link im Thread üëá https://t.co/LByLZB8pTy",de,18,1,4,0,None,,
101,409258073,1425739459060981761,2021-08-12 08:42:30+00:00,"Der Kandidaten-Check des WDR ist online!
Hier k√∂nnt ihr euch meine Statements ansehen üëá

https://t.co/6TWocHLstQ",de,7,0,1,0,None,,
102,409258073,1425724948656631810,2021-08-12 07:44:51+00:00,"Das Plakatspendentool ist da! üì¨ 
  
Auch in meinem Wahlkreis sind noch Standorte verf√ºgbar! Vielleicht findet sich ja der ein oder andere Standort eurer Wahl üòâ
  
Hier geht‚Äôs es zur Plakatspendeüëâ https://t.co/tslxjLSZX6 https://t.co/3qLVuIYtQM",de,6,0,3,0,None,,
103,409258073,1425456041999970305,2021-08-11 13:56:18+00:00,"Thews on Tour dieses mal bei der Fahrradtour mit dem Ortsverein SPD Herringen und u.a. mit @marc_herter und @JulianJanssen04.
Es war eine tolle Radtour mit 35 (!) Teilnehmerinnen und Teilnehmern und interessanten Stationen!

#thewsdirekt

https://t.co/aZr6zCbfYj",de,6,1,2,0,None,,
104,409258073,1425345959584751616,2021-08-11 06:38:53+00:00,"Auch in Hamm starten wir elektrisch in den Wahlkampf! Das Team Thews aus den Ortsvereinen und dem Unterbezirk Hamm steht voller Energie hinter mir.
Gemeinsam wollen wir in den 6 Wochen bis zur Bundestagswahl 2021 den W√§hlerinnen und W√§hlern unsere Ziele nahebringen.

#thewsdirekt https://t.co/rWruWf8AHT",de,9,0,1,0,None,,
105,409258073,1425170804904497162,2021-08-10 19:02:52+00:00,RT @hubertus_heil: Viele Menschen in Deutschland engagieren sich in der Impfkampagne wie hier am Impfbus in Hamm in NRW. Daf√ºr k√∂nnen wir a‚Ä¶,de,0,0,14,0,None,retweeted,1425142229866356741
106,409258073,1424679963295428610,2021-08-09 10:32:27+00:00,RT @bmu: üî¥ Jetzt live! Pressekonferenz zu wissenschaftlichen Grundlagen und Folgen des Klimawandels: BMin @SvenjaSchulze68 und BMin @AnjaKa‚Ä¶,de,0,0,28,0,None,retweeted,1424668908208984076
107,409258073,1424679856206397442,2021-08-09 10:32:01+00:00,"RT @ZVG_Gartenbau: Mit der Politik im Gespr√§ch: @michael_thews, @jensbeeck, @OWvonHoltz und @StegemannAlbert zu Besuch in den Gartenbauunte‚Ä¶",de,0,0,1,0,None,retweeted,1423934012477878272
108,409258073,1423213679634522114,2021-08-05 09:25:57+00:00,"Jetzt im August startet die Auszahlung des Kinderfreizeitbonus' an Familien mit wenig finanziellem Spielraum, die besonders durch die Pandemie belastet sind. Sie bekommen 100 Euro f√ºr jedes Kind unter 18 Jahren. Die Familien k√∂nnen das Geld f√ºr Freizeitaktivit√§ten ausgeben. https://t.co/qWVuVYoqq2",de,8,1,2,0,None,,
109,409258073,1422899440273268740,2021-08-04 12:37:17+00:00,"Was ist eigentlich drin, wenn ihr die SPD w√§hlt?
Unser neuer Wahlkampf-Clip verr√§t es euch! 

#ScholzPacktDasAn https://t.co/vLzkj4x7dZ",de,37,7,9,1,None,,
110,409258073,1420714450076721153,2021-07-29 11:54:55+00:00,"Heute ist der #EarthOvershootDay
Wir verbrauchen die nachwachsenden Rohstoffe unseres Planeten jedes Jahr ein bisschen fr√ºher. Wir m√ºssen unseren √∂kologischen Fu√üabdruck deutlich verringern, unsere Ressourcen schonen und den CO2 Aussto√ü verringen. Wir haben nur diese eine Welt! https://t.co/PCz8GSz4R9",de,21,2,7,1,None,,
111,409258073,1420383999722237953,2021-07-28 14:01:49+00:00,"Thews on Tour ‚Äì mit dem Rad, zusammen mit dem SPD Ortsverein L√ºnen Nord.

Eine sch√∂ne Tour mit vielen Informationen und guten Gespr√§chen.

Schaut mal rein, euer Michael Thews!

https://t.co/gURp1gbB0R

#thewsdirekt #l√ºnen #L√ºnenNord #Fahrradtour #ThewsOnTour",de,2,0,0,0,None,,
112,409258073,1420383781962362883,2021-07-28 14:00:57+00:00,"Es wird wieder deutlich: wir brauchen ein verpflichtendes staatliches Tierwohllabel mit nachvollziehbaren Regeln und regelm√§√üigen Kontrollen. Tierleid ist mit nichts zu rechtfertigen!

#Tierschutz",de,5,3,0,0,409258073,replied_to,1420383780108488706
113,409258073,1420383780108488706,2021-07-28 14:00:57+00:00,"Die Bilder der Tierqu√§lerei bei der Firma Mecke in Werne haben mich sehr schockiert. Das sind ungeheuerliche Vorg√§nge gewesen und nicht zu entschuldigen. Diese Vorf√§lle m√ºssen gr√ºndlich aufgekl√§rt und die verantwortlichen Personen zur Rechenschaft gezogen werden!

#thewsdirekt https://t.co/3yOKeeeCM6",de,23,10,3,1,None,,
114,409258073,1420340495780356096,2021-07-28 11:08:57+00:00,"Ihr habt den Talk mit Thews zum Thema ""Gute Arbeit mit Tarifbindung"" verpasst? Kein Problem! Hier k√∂nnte ihr euch den gesamten Talk noch mal im Re-Live ansehen!

https://t.co/jyxGmL4rt5",de,6,0,2,0,None,,
115,409258073,1420323694262489091,2021-07-28 10:02:11+00:00,"Die SPD startet elektrisch in den Wahlkampf! Das Team Thews aus den Ortsvereinen und dem Stadtverband L√ºnen steht voller Energie hinter mir.
Gemeinsam wollen wir in den 60 Tagen bis zur Bundestagswahl 2021 den W√§hlerinnen und W√§hlern unsere Ziele nahebringen!

#thewsdirekt https://t.co/p88k21R13W",de,7,1,2,0,None,,
116,409258073,1418184375146012680,2021-07-22 12:21:18+00:00,"Die nun bewilligten Gelder f√ºr die Kita flie√üen ab 1.08.21 bis zum 31.12.22.

#thewsdirekt #spd #spdde #spdbt #kita #sprachkita #hamm #l√ºnen #selm #werne (6/6)",de,2,0,0,0,409258073,replied_to,1418184373950689284
117,409258073,1418184373950689284,2021-07-22 12:21:17+00:00,"bildungsbenachteiligten Familien und Kinder mit Migrationshintergrund profitieren. Das ist mir sehr wichtig. Ich hoffe, dass ich mich bald auch wieder vor Ort von der Arbeit der Sprach-Kitas √ºberzeugen kann. (5/6)",de,2,1,0,0,409258073,replied_to,1418184372893663240
118,409258073,1418184372893663240,2021-07-22 12:21:17+00:00,"Bundesfamilienministerium in den Jahren 2021 und 2022 insgesamt 100 Mio. Euro zur Verf√ºgung. Fr√ºhkindliche Bildung ist eine wichtige Ressource. Durch die F√∂rdergelder kann nun neues Fachpersonal eingestellt werden, wovon am Ende des Tages vor allem Kinder aus (4/6)",de,1,1,0,0,409258073,replied_to,1418184371681517571
119,409258073,1418184371681517571,2021-07-22 12:21:17+00:00,"Geld, das aus dem Bundesprogramm ‚ÄûAufholen nach Corona f√ºr Kinder und Jugendliche‚Äú des BMFSFJ stammt, k√∂nnen bundesweit zus√§tzlich 1000 weitere Fachkr√§fte f√ºr die alltagsintegrierte sprachliche Bildungsarbeit in den Sprach-Kitas gef√∂rdert werden. Hierf√ºr stellt das (3/6)",de,1,1,0,0,409258073,replied_to,1418184370028941313
120,409258073,1418184370028941313,2021-07-22 12:21:17+00:00,"auch bundesweit, gute und wichtige Arbeit. Sprache ist Schl√ºssel zu Kommunikation und Gleichberechtigung. Umso wichtiger ist es, dass die Sprach-Kitas die Folgen der Corona-Pandemie schnell √ºberwinden k√∂nnen. Mit dem Bundesprogramm k√∂nnen sie dies schaffen.

Mit dem (2/6)",de,1,1,0,0,409258073,replied_to,1418184368149995527
121,409258073,1418184368149995527,2021-07-22 12:21:16+00:00,"Ich freue mich sehr, dass das Bundesfamilienministerium (BMFSFJ) den F√∂rderantrag der Kita ‚ÄûAm Eichenw√§ldchen‚Äú in Hamm bewilligt hat und die Bundesmittel in H√∂he von 35.419,00 ‚Ç¨ ab dem 1. August flie√üen k√∂nnen. 

Die Sprach-Kitas leisten sowohl in meinem Wahlkreis, als (1/6) https://t.co/w2NM6PcU2N",de,4,1,0,0,None,,
122,409258073,1415740567666020353,2021-07-15 18:30:29+00:00,"Mein tiefes Mitgef√ºhl gilt den Vermissten,Verletzten, Verstorbenen und ihren Familien.

#THW #Feuerwehr #rettungsdienst 
#Hamm #l√ºnen #selm #Werne (2/2)",de,0,0,0,0,409258073,replied_to,1415740566193819662
123,409258073,1415740566193819662,2021-07-15 18:30:28+00:00,"Das Hochwasser hat die Menschen hart getroffen und Tote gefordert. Ich danke besonders den Rettungskr√§ften aber auch den vielen Freiwilligen, die mutig dort geholfen haben wo Menschen in Not waren. (1/2) https://t.co/3AnJRJO2gj",de,1,1,0,0,None,,
124,409258073,1414955825852993541,2021-07-13 14:32:12+00:00,"Gerade die St√§rkung von St√§dten und Gemeinden ist mir ein gro√ües Anliegen. Sie sind die wichtigsten Faktoren bei der Daseinsvorsorge und haben direkten Einfluss auf die Menschen vor Ort. Was hat die SPD-Fraktion im Bundestag hier erreicht? Sprechen wir dar√ºber!

#spdbth√∂rtzu https://t.co/XcMSxFllk3",de,4,0,2,0,None,,
125,409258073,1414838738119692290,2021-07-13 06:46:56+00:00,"Das alles haben wir gegen viel Gegenwind von der Immobilienlobby-getriebenen Unionsfraktion durchgesetzt. Weil Eure Wohnung keine Ware, sondern Euer zu Hause ist!

#sozialepolitikfuerdich #thewsdirekt",de,3,1,1,0,409258073,replied_to,1414838736878178304
126,409258073,1414838736878178304,2021-07-13 06:46:55+00:00,"*Kommunen beim Bau von bezahlbarem Wohnraum gest√§rkt
*Mietpreisbremse versch√§rft
*Missbrauch von Modernisierungen auf Kosten der Mieter:innen gestoppt
*Mietspiegelerstellungspflicht eingef√ºhrt
*Spekulative Umwandlungen von Miet- in Eigentumswohnungen gestoppt
*Wohngeld erh√∂ht",de,1,1,0,0,409258073,replied_to,1414838735171096577
127,409258073,1414838735171096577,2021-07-13 06:46:55+00:00,"Eure Wohnung muss bezahlbar bleiben! Daf√ºr haben wir in dieser Regierung eine Reihe von Ma√ünahmen vorangebracht, mit denen wir die Rechte und den Geldbeutel von Mieter:innen st√§rken. Wir haben au√üerdem daf√ºr gesorgt, dass mehr bezahlbare Wohnungen gebaut und genutzt werden k√∂nnen https://t.co/b3LDyx1r8K",de,18,1,6,0,None,,
128,409258073,1414216360280866820,2021-07-11 13:33:49+00:00,"Noch mehr Menschen fliehen heute vor Armut, Krieg oder einfach fehlender Zukunft. Umso wichtiger ist es jetzt nachhaltig zu leben und zu wirtschaften und verantwortlich mit den endlichen Ressourcen unserer Erde umzugehen. Wir haben nur den einen Planeten!",de,3,0,0,0,409258073,replied_to,1414216357864935427
129,409258073,1414216357864935427,2021-07-11 13:33:49+00:00,"Heute ist der #Weltbev√∂lkerungstag 2021!
Am 11. Juli 1987 √ºberschritt die Weltbev√∂lkerung nach UN-Berechnungen die Zahl von f√ºnf Milliarden Menschen. Um auf die damit verbundenen Probleme aufmerksam zu machen, wurde der Weltbev√∂lkerungstag ins Leben gerufen. 

#thewsdirekt https://t.co/wTT8jOTJjz",de,8,1,3,1,None,,
130,409258073,1413415763730485249,2021-07-09 08:32:32+00:00,"Und zwar gestaffelt nach Ausbildungsjahr und automatisch ansteigend. Damit Eure Ausbildung keine Ausbeutung ist!
Au√üerdem haben wir mit unserem Bundesarbeitsminister Hubertus Heil in der Corona-Pandemie daf√ºr gesorgt, dass Unternehmen weiterhin Ausbildungspl√§tze anbieten k√∂nnen.",de,4,0,0,0,409258073,replied_to,1413415761201217538
131,409258073,1413415761201217538,2021-07-09 08:32:32+00:00,"Liebe Azubis! Ihr verdient f√ºr Eure Arbeit im Betrieb eine angemessene Bezahlung. 2019 bekamen viele Azubis weniger als 500 Euro. Das ist zu wenig! Deshalb haben wir in dieser Legislatur die Mindestausbildungsverg√ºtung als neue Untergrenze eingef√ºhrt. 

#thewsdirekt https://t.co/FZAhBhHO83",de,10,1,3,0,None,,
132,409258073,1413151788136493071,2021-07-08 15:03:36+00:00,"RT @SPDAltluenen: Die Ausgabe 3/2007 der DRZ ist nun online.
Ihr findet sie, wie immer im Download-Verzeichnis oder direkt hier: üëá
https://‚Ä¶",de,0,0,3,0,None,retweeted,1413148207874330636
133,409258073,1413131476850204674,2021-07-08 13:42:53+00:00,Wir haben in den vergangenen zehn Jahren mehrere Milliarden Euro investiert und gemeinsam mit den L√§ndern hunderttausende neue Pl√§tze in Kitas und der Kindertagespflege geschaffen. Das Gute-KiTa-Gesetz z.B. um Fachkr√§fte zu qualifizieren oder den Betreuungsschl√ºssel zu verbessern https://t.co/Ki5eqSy8RK,de,2,0,0,0,None,,
134,409258073,1413079625350230028,2021-07-08 10:16:51+00:00,"Das Konzept ist ein Erfolg, den viele andere L√§nder kopieren. Denn die Kurzarbeit sichert Arbeitspl√§tze und sorgt daf√ºr, dass die Wirtschaft nach der Krise wieder in Schwung kommt. Wir haben den Zugang flexibler gestaltet und das Kurzarbeitergeld nach l√§ngerem Bezug aufgestockt. https://t.co/gRJFYNvVYy",de,6,0,2,0,None,,
135,409258073,1412702070533197824,2021-07-07 09:16:35+00:00,"M√ºll ist ein grunds√§tzliches Problem in unserer Gesellschaft. Viele Plastikteile zersetzen sich nicht richtig und k√∂nnen sogar in Form von Mikroplastik in unsere Nahrungskette gelangen. Deshalb habe ich bei der Aktion der SPD Selm gerne mitgemacht.

https://t.co/1qhoSeI0kK",de,2,0,0,0,None,,
136,409258073,1412701590042120196,2021-07-07 09:14:40+00:00,"Wer kennt es nicht? ""Die SPD ist schuld!!1!!""
Das stimmt sogar. Wir sind gerne schuld an der Politik, die das Leben von Millionen Menschen in unserem Land verbessert hat und werden es in Zukunft auch wieder gerne schuld sein üòâ

#SozialePolitikF√ºrDich #thewsdirekt https://t.co/I1hYMYLC7F",de,28,7,4,0,None,,
137,409258073,1412694004664311810,2021-07-07 08:44:31+00:00,"Deshalb gilt es, wo immer m√∂glich, auf umweltfreundliche Mehrwegl√∂sungen aus Glas oder Metall zu setzen oder m√∂glichst viel Kunststoff zu recyceln. Das spart wertvolle Prim√§rrohstoffe und sch√ºtzt Umwelt und Klima.
Nur so k√∂nnen wir zu einer echten Kreislaufwirtschaft gelangen.",de,4,0,0,0,409258073,replied_to,1412694002927800320
138,409258073,1412694002927800320,2021-07-07 08:44:31+00:00,"Seit Samstag gilt in der EU das Verbot bestimmter Einwegkunststoffprodukte. Die bereits vorhandenen Best√§nde an Plastikgeschirr, z.B. in Gastronomiebetrieben, d√ºrfen allerdings noch aufgebraucht werden.
Der beste Abfall ist aber der, der gar nicht erst entsteht. 

#thewsdirekt https://t.co/PGa3qR0jwU",de,11,3,1,1,None,,
139,409258073,1412400379896250373,2021-07-06 13:17:46+00:00,"Weil du mehr von deinem Lohn verdienst!
Wir haben den Soli abgeschafft - au√üer f√ºr absolute Spitzenverdiener:innen. Und wir haben in den vergangenen Jahren den Einkommensteuertarif zum Ausgleich der kalten Progression abgesenkt und den Grundfreibetrag erh√∂ht.

#thewsdirekt https://t.co/c8lGmTK9tL",de,3,0,0,0,None,,
140,409258073,1412362593621118977,2021-07-06 10:47:37+00:00,"Mehr Netto vom Brutto, Dank der SPD!
Wir haben in den vergangenen vier Jahren insbesondere Familien steuerlich entlastet. Das merkt Ihr ganz konkret in Eurem Portemonnaie: Eine vierk√∂pfige Familie etwa (wir im Bsp.) hat mehr als 800 Euro mehr in der Tasche.

#thewsdirekt @spdbt https://t.co/grgC3A7wZS",de,10,0,3,0,None,,
141,409258073,1412091934609444864,2021-07-05 16:52:07+00:00,"Das Internetportal https://t.co/8xsyK4iEGT (@a_watch) bewertet die Transparenz und das quantitative Antwortverhalten von Abgeordneten im Bundestag. Ich bin mit der Note ""sehr gut"" bewertet worden, weil ich alle Fragen beantwortet habe, die mir gestellt wurden. üòé

#thewsdirekt https://t.co/cxo7GOXNb9",de,23,2,4,0,None,,
142,409258073,1412045237409697793,2021-07-05 13:46:33+00:00,"Die globale #Mindeststeuer ist ein historischer Erfolg von Olaf Scholz. K√ºnftig werden internationale Konzerne ihren fairen Anteil an der Finanzierung des Gemeinwohls leisten. 130 L√§nder haben sich darauf geeinigt, dass weltweit mindestens 15% des Gewinns besteuert werden m√ºssen. https://t.co/1sX1KI94nT",de,6,0,2,0,None,,
143,409258073,1411006566837407744,2021-07-02 16:59:15+00:00,"Ihr wolltet meinen Talk mit Thews mit Franz M√ºntefering zum Thema ""√Ñlter werden in dieser Zeit"" sehen und habt es aber verpasst? Gar kein Problem! Hier gibt's das komplette Video nochmal im Re-Live! üëá

https://t.co/xnEyseczia

#TalkMitThews https://t.co/otcnv5sisa",de,8,0,5,0,None,quoted,1407296198533394432
144,409258073,1410578374888673281,2021-07-01 12:37:46+00:00,"Die #Grundrente startet!
F√ºr diesen sozialpolitischen Meilenstein haben wir lange gek√§mpft ‚Äì auch gegen viel Widerstand der Unionsfraktion. Aber unser Einsatz hat sich gelohnt. Denn die Grundrente macht einen Unterschied f√ºr rund 1,3 Millionen Menschen!

#thewsdirekt https://t.co/bPhmu6wurO",de,7,1,2,0,None,,
145,409258073,1410571091580489738,2021-07-01 12:08:50+00:00,"Das neue Ausbildungszentrum des Lippeverbands in L√ºnen. Auf rund 900 qm werden hier die Ausbildungskapazit√§ten von 9 auf 24 erh√∂ht. Gerade in Zeiten des Fachkr√§ftemangels ist es wichtig, dass Ausbildungspl√§tze entstehen. Ich komme gern wieder, wenn es er√∂ffnet wird!

#thewsdirekt https://t.co/OWinTZB1qa",de,5,0,1,0,None,,
146,409258073,1410526407160217603,2021-07-01 09:11:16+00:00,"RT @michaelaengel: ‚ÄûGesicht zeigen, gegen Rassismus und Antisemitismus‚Äú!
Rafael Herlichs neues Projekt ‚ÄûDiverCity  in Berlin‚Äú. U.a mit mein‚Ä¶",de,0,0,4,0,None,retweeted,1410479112800686080
147,409258073,1410526386608029699,2021-07-01 09:11:11+00:00,"RT @michaelaengel: PolitikerInnen zeigen Gesicht gegen Antisemitismus und Rassismus.
DiverCity in Berlin mit u.a. @michael_thews @KarambaDi‚Ä¶",de,0,0,2,0,None,retweeted,1410491144157511681
148,409258073,1410526340516925445,2021-07-01 09:11:00+00:00,"Thews on Tour bei den Direktvermarktern war dieses mal bei dem Betrieb ""Kreutzkamp's Spirituosen"" in Selm. Bei Direktvermarktern wie Herrn Kreutzkamp bekomme ich regionale Produkte, fast ohne √∂kologischen Fu√üabdruck und es schmeckt auch noch gut!

#thewsdirekt https://t.co/OSsdcI8FpC",de,2,0,1,0,None,,
